seed,sample,ranking_score
1,0,0.7928693406679379
1,1,0.7865951326447054
1,2,0.7933658575704249
1,3,0.7886582538672345
1,4,0.8078627940238194
