seed,sample,ranking_score
1,0,0.914299092316287
1,1,0.9180244065020353
1,2,0.9121493487693617
1,3,0.917793190188765
1,4,0.9132790903151919
