seed,sample,ranking_score
1,0,0.6960376858439745
1,1,0.6756631036894778
1,2,0.737378242560722
1,3,0.7239721192489692
1,4,0.7206578458279569
